Date,Revenue,Order_Count,Unique_Customers,Line_Items,Avg_Order_Value,Revenue_7day_MA,Anomaly_Flag,Anomaly_Type,Rolling_Mean_30,Rolling_Std_30,Year,Month,Month_Name,DayOfWeek,WeekNumber
2009-12-01,54513.5,119,91,3105,458.1,54513.5,0,Normal,,,2009,12,Dec,Tuesday,49
2009-12-02,63352.51,115,94,3250,550.89,58933.0,0,Normal,,,2009,12,Dec,Wednesday,49
2009-12-03,74037.91,124,106,2946,597.08,63967.97,0,Normal,,,2009,12,Dec,Thursday,49
2009-12-04,40732.92,89,76,2528,457.67,58159.21,0,Normal,,,2009,12,Dec,Friday,49
2009-12-05,9803.05,30,26,400,326.77,48487.98,0,Normal,,,2009,12,Dec,Saturday,49
2009-12-06,24613.64,74,63,1911,332.62,44508.92,0,Normal,,,2009,12,Dec,Sunday,49
2009-12-07,45083.35,101,77,2824,446.37,44590.98,0,Normal,44590.98,22143.45,2009,12,Dec,Monday,50
2009-12-08,49517.23,109,91,2189,454.29,43877.23,0,Normal,45206.76,20574.7,2009,12,Dec,Tuesday,50
2009-12-09,40616.09,88,74,2433,461.55,40629.17,0,Normal,44696.69,19306.61,2009,12,Dec,Wednesday,50
2009-12-10,44442.11,92,82,2403,483.07,36401.2,0,Normal,44671.23,18202.62,2009,12,Dec,Thursday,50
2009-12-11,39659.6,70,58,1439,566.57,36247.87,0,Normal,44215.63,17334.51,2009,12,Dec,Friday,50
2009-12-13,22313.09,71,63,1767,314.27,38035.02,0,Normal,42390.42,17695.91,2009,12,Dec,Sunday,50
2009-12-14,73327.66,90,69,4064,814.75,44994.16,0,Normal,44770.2,18991.42,2009,12,Dec,Monday,51
2009-12-15,50340.24,98,89,1973,513.68,45745.15,0,Normal,45168.06,18306.99,2009,12,Dec,Tuesday,51
2009-12-16,52792.25,98,81,3207,538.7,46213.01,0,Normal,45676.34,17750.55,2009,12,Dec,Wednesday,51
2009-12-17,31239.47,104,77,1866,300.38,44873.49,0,Normal,44774.04,17524.36,2009,12,Dec,Thursday,51
2009-12-18,42588.09,68,55,2033,626.3,44608.63,0,Normal,44645.45,16976.16,2009,12,Dec,Friday,51
2009-12-20,11450.68,34,31,628,336.78,40578.78,0,Normal,42801.3,18233.32,2009,12,Dec,Sunday,51
2009-12-21,16367.84,41,30,619,399.22,39729.46,0,Normal,41410.06,18728.58,2009,12,Dec,Monday,52
2009-12-22,28023.43,45,16,1846,622.74,33257.43,0,Normal,40740.73,18473.19,2009,12,Dec,Tuesday,52
2009-12-23,10871.1,22,12,526,494.14,27618.98,0,Normal,39318.37,19148.92,2009,12,Dec,Wednesday,52
2010-01-04,13481.25,29,22,607,464.87,22003.12,0,Normal,38143.96,19482.39,2010,1,Jan,Monday,1
2010-01-05,19199.29,36,31,910,533.31,20283.1,0,Normal,37320.27,19440.04,2010,1,Jan,Tuesday,1
2010-01-06,8746.18,14,13,293,624.73,15448.54,0,Normal,36129.69,19887.28,2010,1,Jan,Wednesday,1
2010-01-07,73085.74,47,41,986,1555.02,24253.55,0,Normal,37607.93,20824.38,2010,1,Jan,Thursday,1
2010-01-08,30319.05,45,42,711,673.76,26246.58,0,Normal,37327.59,20453.65,2010,1,Jan,Friday,1
2010-01-10,23688.6,34,29,700,696.72,25627.32,0,Normal,36822.44,20227.48,2010,1,Jan,Sunday,1
2010-01-11,37887.26,56,37,2662,676.56,29486.77,0,Normal,36860.47,19850.39,2010,1,Jan,Monday,2
2010-01-12,40856.53,39,32,1079,1047.6,33397.52,0,Normal,36998.26,19506.81,2010,1,Jan,Tuesday,2
2010-01-13,22489.07,30,25,1587,749.64,33867.49,0,Normal,36514.62,19349.72,2010,1,Jan,Wednesday,2
2010-01-14,31672.73,58,47,2172,546.08,37142.71,0,Normal,35753.27,19064.35,2010,1,Jan,Thursday,2
2010-01-15,13515.89,46,37,643,293.82,28632.73,0,Normal,34092.04,18745.14,2010,1,Jan,Friday,2
2010-01-17,17578.24,40,35,1114,439.46,26812.62,0,Normal,32210.06,17380.93,2010,1,Jan,Sunday,2
2010-01-18,21451.56,40,32,1889,536.29,26493.04,0,Normal,31567.34,17411.37,2010,1,Jan,Monday,3
2010-01-19,33352.56,47,41,1853,709.63,25845.23,0,Normal,32352.33,16920.23,2010,1,Jan,Tuesday,3
2010-01-20,19140.16,37,31,1133,517.3,22742.89,0,Normal,32169.88,17035.67,2010,1,Jan,Wednesday,3
2010-01-21,27391.96,48,47,1152,570.67,23443.3,0,Normal,31580.16,16878.72,2010,1,Jan,Thursday,3
2010-01-22,36814.82,45,39,1463,818.11,24177.88,0,Normal,31156.75,16569.74,2010,1,Jan,Friday,3
2010-01-24,16070.24,50,48,1268,321.4,24542.79,0,Normal,30338.56,16692.11,2010,1,Jan,Sunday,3
2010-01-25,23045.6,57,44,1663,404.31,25323.84,0,Normal,29625.34,16525.0,2010,1,Jan,Monday,4
2010-01-26,47243.84,93,68,1494,508.0,29008.45,0,Normal,29878.15,16740.41,2010,1,Jan,Tuesday,4
2010-01-27,28703.6,56,47,1520,512.56,28344.32,0,Normal,30091.16,16681.38,2010,1,Jan,Wednesday,4
2010-01-28,19865.67,56,48,1190,354.74,28447.96,0,Normal,28309.1,14633.07,2010,1,Jan,Thursday,4
2010-01-29,28403.98,49,37,1156,579.67,28592.54,0,Normal,27577.89,14029.86,2010,1,Jan,Friday,4
2010-01-31,18704.68,53,47,1393,352.92,26005.37,0,Normal,26441.64,13277.56,2010,1,Jan,Sunday,4
2010-02-01,19831.43,66,49,1381,300.48,26542.69,0,Normal,26061.37,13298.76,2010,2,Feb,Monday,5
2010-02-02,21696.7,46,34,1157,471.67,26349.99,0,Normal,25364.99,12945.8,2010,2,Feb,Tuesday,5
2010-02-03,21450.19,49,41,1443,437.76,22665.18,0,Normal,25698.31,12701.62,2010,2,Feb,Wednesday,5
2010-02-04,22676.5,64,52,1511,354.32,21804.16,0,Normal,25908.59,12593.58,2010,2,Feb,Thursday,5
2010-02-05,21931.04,40,35,948,548.28,22099.22,0,Normal,25705.52,12607.42,2010,2,Feb,Friday,5
2010-02-07,17078.21,30,29,813,569.27,20481.25,0,Normal,25912.42,12404.88,2010,2,Feb,Sunday,5
2010-02-08,17438.52,60,45,1329,290.64,20300.37,0,Normal,26044.33,12288.63,2010,2,Feb,Monday,6
2010-02-09,19666.54,54,51,1051,364.2,20276.81,0,Normal,26059.9,12279.95,2010,2,Feb,Tuesday,6
2010-02-10,9583.09,31,24,860,309.13,18546.3,0,Normal,26087.8,12240.14,2010,2,Feb,Wednesday,6
2010-02-11,15114.4,56,48,815,269.9,17641.19,0,Normal,24155.42,8599.12,2010,2,Feb,Thursday,6
2010-02-12,11393.61,32,27,772,356.05,16029.34,0,Normal,23524.57,8822.65,2010,2,Feb,Friday,6
2010-02-14,17914.45,46,39,1186,389.44,15455.55,0,Normal,23332.1,8881.73,2010,2,Feb,Sunday,6
2010-02-15,42784.78,45,35,886,950.77,19127.91,1,High,23495.35,9197.87,2010,2,Feb,Monday,7
2010-02-16,31203.68,61,51,1890,511.54,21094.36,0,Normal,23173.59,8726.35,2010,2,Feb,Tuesday,7
2010-02-17,26616.23,49,42,1008,543.19,22087.18,0,Normal,23311.16,8747.69,2010,2,Feb,Wednesday,7
2010-02-18,35811.19,63,58,1343,568.43,25834.05,0,Normal,23449.11,8915.13,2010,2,Feb,Thursday,7
2010-02-19,27254.86,58,30,1625,469.91,27568.4,0,Normal,23907.08,8738.4,2010,2,Feb,Friday,7
2010-02-21,11477.91,37,34,919,310.21,27580.44,0,Normal,23703.73,8958.94,2010,2,Feb,Sunday,7
2010-02-22,26359.13,48,41,1111,549.15,28786.83,0,Normal,23867.32,8961.21,2010,2,Feb,Monday,8
2010-02-23,22707.44,47,42,1148,483.14,25918.63,0,Normal,23512.48,8781.62,2010,2,Feb,Tuesday,8
2010-02-24,33086.29,63,47,1319,525.18,26187.58,0,Normal,23977.35,8910.37,2010,2,Feb,Wednesday,8
2010-02-25,46642.82,67,55,1504,696.16,29048.52,1,High,24619.05,9812.31,2010,2,Feb,Thursday,8
2010-02-26,16703.7,36,26,980,463.99,26318.88,0,Normal,23948.68,9635.77,2010,2,Feb,Friday,8
2010-02-28,16917.02,53,50,1282,319.19,24842.04,0,Normal,23976.9,9613.11,2010,2,Feb,Sunday,8
2010-03-01,25831.21,58,49,1180,445.37,26892.52,0,Normal,24069.76,9617.25,2010,3,Mar,Monday,9
2010-03-02,26423.87,55,48,1519,480.43,26901.76,0,Normal,23375.76,8582.88,2010,3,Mar,Tuesday,9
2010-03-03,34114.91,63,53,1726,541.51,28531.4,0,Normal,23556.14,8753.87,2010,3,Mar,Wednesday,9
2010-03-04,32369.19,74,67,1891,437.42,28428.96,0,Normal,23972.92,8869.0,2010,3,Mar,Thursday,9
2010-03-05,27684.73,81,55,1263,341.79,25720.66,0,Normal,23948.94,8857.58,2010,3,Mar,Friday,9
2010-03-07,20001.22,58,46,1778,344.85,26191.74,0,Normal,23992.16,8834.24,2010,3,Mar,Sunday,9
2010-03-08,37256.01,76,66,1928,490.21,29097.31,0,Normal,24572.98,9119.45,2010,3,Mar,Monday,10
2010-03-09,22035.75,57,51,1157,386.59,28555.1,0,Normal,24584.28,9115.97,2010,3,Mar,Tuesday,10
2010-03-10,27547.43,61,47,1570,451.6,28715.61,0,Normal,24787.52,9111.66,2010,3,Mar,Wednesday,10
2010-03-11,24591.91,48,39,1285,512.33,27355.18,0,Normal,24851.37,9103.06,2010,3,Mar,Thursday,10
2010-03-12,21712.54,36,30,906,603.13,25832.8,0,Normal,24844.09,9105.56,2010,3,Mar,Friday,10
2010-03-14,9032.7,24,22,668,376.36,23168.22,0,Normal,24575.9,9453.99,2010,3,Mar,Sunday,10
2010-03-15,27662.45,57,41,1656,485.31,24262.68,0,Normal,24916.7,9371.75,2010,3,Mar,Monday,11
2010-03-16,24059.94,45,42,1302,534.67,22377.53,0,Normal,25063.15,9321.07,2010,3,Mar,Tuesday,11
2010-03-17,30795.24,48,40,1272,641.57,23628.89,0,Normal,25770.22,8901.4,2010,3,Mar,Wednesday,11
2010-03-18,41145.01,86,70,1574,478.43,25571.4,0,Normal,26637.91,9093.51,2010,3,Mar,Thursday,11
2010-03-19,45764.45,62,47,1360,738.14,28596.05,0,Normal,27783.6,9270.13,2010,3,Mar,Friday,11
2010-03-21,20873.23,56,51,1371,372.74,28476.15,0,Normal,27882.23,9176.78,2010,3,Mar,Sunday,11
2010-03-22,25614.49,56,49,1481,457.4,30844.97,0,Normal,27309.88,8740.34,2010,3,Mar,Monday,12
2010-03-23,56488.73,71,58,1296,795.62,34963.01,1,High,28152.72,10222.26,2010,3,Mar,Tuesday,12
2010-03-24,30179.26,73,59,1483,413.41,35837.2,0,Normal,28271.49,10224.5,2010,3,Mar,Wednesday,12
2010-03-25,38993.08,85,67,1866,458.74,37008.32,0,Normal,28377.55,10321.45,2010,3,Mar,Thursday,12
2010-03-26,32546.05,62,48,1354,524.94,35779.9,0,Normal,28553.92,10346.78,2010,3,Mar,Friday,12
2010-03-28,22562.62,59,56,1834,382.42,32465.35,0,Normal,28923.41,9904.42,2010,3,Mar,Sunday,12
2010-03-29,59935.77,85,41,1960,705.13,38045.71,1,High,30042.64,11390.32,2010,3,Mar,Monday,13
2010-03-30,38630.01,70,54,1815,551.86,39905.07,0,Normal,30573.39,11407.69,2010,3,Mar,Tuesday,13
2010-03-31,29718.33,75,59,1869,396.24,36080.73,0,Normal,30461.12,11398.68,2010,3,Mar,Wednesday,13
2010-04-01,30823.15,79,72,1681,390.17,36172.72,0,Normal,29933.8,10982.6,2010,4,Apr,Thursday,13
2010-04-06,19476.52,55,46,1087,354.12,33384.64,0,Normal,30026.23,10878.59,2010,4,Apr,Tuesday,14
2010-04-07,34590.91,61,46,1371,567.06,33676.76,0,Normal,30615.36,10619.67,2010,4,Apr,Wednesday,14
2010-04-08,47626.52,86,70,1999,553.8,37257.32,0,Normal,31341.87,11019.11,2010,4,Apr,Thursday,14
2010-04-09,16988.42,51,33,910,333.11,31121.98,0,Normal,31027.35,11295.51,2010,4,Apr,Friday,14
2010-04-11,19967.32,42,40,1111,475.41,28455.88,0,Normal,30555.77,11456.34,2010,4,Apr,Sunday,14
2010-04-12,27221.41,46,37,948,591.77,28099.18,0,Normal,30384.17,11466.79,2010,4,Apr,Monday,15
2010-04-13,26027.6,52,43,1245,500.53,27414.1,0,Normal,30328.94,11484.22,2010,4,Apr,Tuesday,15
2010-04-14,27214.08,45,39,1092,604.76,28519.47,0,Normal,30569.36,11335.08,2010,4,Apr,Wednesday,15
2010-04-15,29613.48,74,57,1140,400.18,27808.4,0,Normal,30314.61,11265.29,2010,4,Apr,Thursday,15
2010-04-16,19561.05,42,37,855,465.74,23799.05,0,Normal,30232.12,11336.84,2010,4,Apr,Friday,15
2010-04-18,24096.88,54,43,1451,446.24,24814.55,0,Normal,30117.1,11382.42,2010,4,Apr,Sunday,15
2010-04-19,45287.87,74,44,3105,612.0,28431.77,0,Normal,30806.97,11659.8,2010,4,Apr,Monday,16
2010-04-20,29204.7,68,53,1522,429.48,28715.09,0,Normal,31056.71,11537.89,2010,4,Apr,Tuesday,16
2010-04-21,29469.46,66,51,1305,446.51,29206.79,0,Normal,31737.93,10770.49,2010,4,Apr,Wednesday,16
2010-04-22,43505.03,79,67,1411,550.7,31534.07,0,Normal,32266.02,10950.66,2010,4,Apr,Thursday,16
2010-04-23,16737.31,57,43,1136,293.64,29694.61,0,Normal,32021.93,11218.22,2010,4,Apr,Friday,16
2010-04-25,16774.12,46,44,1319,364.65,29296.48,0,Normal,31554.56,11558.01,2010,4,Apr,Sunday,16
2010-04-26,36270.85,99,66,1937,366.37,31035.62,0,Normal,31392.09,11452.33,2010,4,Apr,Monday,17
2010-04-27,46378.58,79,63,1643,587.07,31191.44,0,Normal,31412.56,11479.42,2010,4,Apr,Tuesday,17
2010-04-28,32562.56,73,62,1777,446.06,31671.13,0,Normal,31802.21,11306.43,2010,4,Apr,Wednesday,17
2010-04-29,32848.17,84,71,2019,391.05,32153.8,0,Normal,32043.33,11246.9,2010,4,Apr,Thursday,17
2010-04-30,29283.0,50,36,1204,585.66,30122.08,0,Normal,31136.47,10261.51,2010,4,Apr,Friday,17
2010-05-02,12367.83,40,39,840,309.2,29497.87,0,Normal,30542.76,10818.93,2010,5,May,Sunday,17
2010-05-04,22745.04,52,43,1390,437.4,30350.86,0,Normal,30001.15,10787.96,2010,5,May,Tuesday,18
2010-05-05,28118.53,82,57,1511,342.91,29186.24,0,Normal,29853.57,10782.23,2010,5,May,Wednesday,18
2010-05-06,54666.13,84,68,2057,650.79,30370.18,1,High,30923.69,11596.06,2010,5,May,Thursday,18
2010-05-07,35769.25,66,48,1333,541.96,30828.28,0,Normal,30118.14,10275.35,2010,5,May,Friday,18
2010-05-09,23143.29,62,52,1749,373.28,29441.87,0,Normal,29601.91,10221.85,2010,5,May,Sunday,18
2010-05-10,32948.68,77,65,1570,427.9,29965.54,0,Normal,29709.59,10240.12,2010,5,May,Monday,19
2010-05-11,28780.12,65,59,1668,442.77,32310.15,0,Normal,29641.49,10239.25,2010,5,May,Tuesday,19
2010-05-12,31407.31,65,51,1240,483.19,33547.62,0,Normal,30039.18,10060.98,2010,5,May,Wednesday,19
2010-05-13,41108.4,66,58,1329,622.85,35403.31,0,Normal,30256.43,10231.57,2010,5,May,Thursday,19
2010-05-14,18895.91,49,36,801,385.63,30293.28,0,Normal,29298.75,9888.51,2010,5,May,Friday,19
2010-05-16,18478.89,44,38,1496,419.97,27823.23,0,Normal,29348.43,9828.08,2010,5,May,Sunday,19
2010-05-17,25562.62,49,42,1365,521.69,28168.85,0,Normal,29534.94,9696.12,2010,5,May,Monday,20
2010-05-18,29021.78,64,51,1485,453.47,27607.86,0,Normal,29594.95,9686.88,2010,5,May,Tuesday,20
2010-05-19,17831.08,61,56,1177,292.31,26043.71,0,Normal,29321.73,9904.12,2010,5,May,Wednesday,20
2010-05-20,25782.58,67,57,1591,384.81,25240.18,0,Normal,29274.02,9918.06,2010,5,May,Thursday,20
2010-05-21,27340.92,52,39,1277,525.79,23273.4,0,Normal,29198.26,9924.06,2010,5,May,Friday,20
2010-05-23,25457.97,49,41,1327,519.55,24210.83,0,Normal,29394.83,9784.0,2010,5,May,Sunday,20
2010-05-24,35831.33,71,61,1398,504.67,26689.75,0,Normal,29785.98,9799.45,2010,5,May,Monday,21
2010-05-25,22463.37,61,52,1370,368.25,26247.0,0,Normal,29025.16,9433.6,2010,5,May,Tuesday,21
2010-05-26,38438.24,96,64,1808,400.4,27592.21,0,Normal,29332.94,9589.01,2010,5,May,Wednesday,21
2010-05-27,30978.43,88,77,2021,352.03,29470.41,0,Normal,29383.24,9593.71,2010,5,May,Thursday,21
2010-05-28,21906.2,58,43,1197,377.69,28916.64,0,Normal,28663.28,9303.44,2010,5,May,Friday,21
2010-05-30,10814.96,32,30,795,337.97,26555.79,0,Normal,28465.87,9622.59,2010,5,May,Sunday,21
2010-06-01,15732.15,47,33,1207,334.73,25166.38,0,Normal,28431.14,9668.02,2010,6,Jun,Tuesday,22
2010-06-02,16236.29,46,38,952,352.96,22367.09,0,Normal,27763.32,9798.87,2010,6,Jun,Wednesday,22
2010-06-03,29651.8,67,52,1631,442.56,23394.01,0,Normal,27205.76,9158.06,2010,6,Jun,Thursday,22
2010-06-04,21273.58,51,29,1373,417.13,20941.92,0,Normal,26829.46,9162.29,2010,6,Jun,Friday,22
2010-06-06,25686.0,68,62,2208,377.74,20185.85,0,Normal,26590.72,9093.11,2010,6,Jun,Sunday,22
2010-06-07,49759.94,103,81,2608,483.11,24164.96,1,High,27273.29,10023.15,2010,6,Jun,Monday,23
2010-06-08,54433.03,81,61,2043,672.01,30396.11,1,High,28675.46,10779.83,2010,6,Jun,Tuesday,23
2010-06-09,38414.69,68,59,1424,564.92,33636.48,0,Normal,29197.78,10861.88,2010,6,Jun,Wednesday,23
2010-06-10,18389.4,66,56,1005,278.63,33944.06,0,Normal,28873.48,11039.01,2010,6,Jun,Thursday,23
2010-06-11,37802.25,86,65,1743,439.56,35108.41,0,Normal,28311.35,10066.88,2010,6,Jun,Friday,23
2010-06-13,21616.44,70,61,1453,308.81,35157.39,0,Normal,27839.59,10036.9,2010,6,Jun,Sunday,23
2010-06-14,24375.41,57,48,1589,427.64,34970.17,0,Normal,27880.66,10019.53,2010,6,Jun,Monday,24
2010-06-15,30542.48,52,41,1523,587.36,32224.81,0,Normal,27800.45,9987.14,2010,6,Jun,Tuesday,24
2010-06-16,31335.03,81,65,1823,386.85,28925.1,0,Normal,27885.62,10006.65,2010,6,Jun,Wednesday,24
2010-06-17,58225.94,78,61,1761,746.49,31755.28,1,High,28779.57,11428.97,2010,6,Jun,Thursday,24
2010-06-18,18800.68,50,44,953,376.01,31814.03,0,Normal,28035.98,11324.39,2010,6,Jun,Friday,24
2010-06-20,9113.43,26,26,439,350.52,27715.63,0,Normal,27709.9,11730.22,2010,6,Jun,Sunday,24
2010-06-21,21159.71,44,40,1774,480.9,27650.38,0,Normal,27799.26,11667.51,2010,6,Jun,Monday,25
2010-06-22,14749.68,43,36,1001,343.02,26275.28,0,Normal,27438.83,11903.62,2010,6,Jun,Tuesday,25
2010-06-23,27848.74,68,54,1219,409.54,25890.46,0,Normal,27399.72,11900.16,2010,6,Jun,Wednesday,25
2010-06-24,26729.66,73,42,1485,366.16,25232.55,0,Normal,27696.34,11763.55,2010,6,Jun,Thursday,25
2010-06-25,17719.42,45,37,1198,393.76,19445.9,0,Normal,27427.57,11900.11,2010,6,Jun,Friday,25
2010-06-27,18834.32,55,52,1254,342.44,19450.71,0,Normal,27144.02,12003.14,2010,6,Jun,Sunday,25
2010-06-28,53998.72,70,64,1827,771.41,25862.89,0,Normal,28095.38,12957.98,2010,6,Jun,Monday,26
2010-06-29,35141.21,71,56,1589,494.95,27860.25,0,Normal,28072.37,12944.38,2010,6,Jun,Tuesday,26
2010-06-30,34700.14,79,67,1818,439.24,30710.32,0,Normal,28480.27,12954.33,2010,6,Jun,Wednesday,26
2010-07-01,30314.81,85,80,1810,356.64,31062.61,0,Normal,28209.48,12823.24,2010,7,Jul,Thursday,26
2010-07-02,16893.27,47,36,1041,359.43,29657.41,0,Normal,27739.98,12975.32,2010,7,Jul,Friday,26
2010-07-04,10493.66,21,20,679,499.7,28625.16,0,Normal,27359.56,13315.1,2010,7,Jul,Sunday,26
2010-07-05,32895.2,85,65,1885,387.0,30633.86,0,Normal,28095.57,12974.96,2010,7,Jul,Monday,27
2010-07-06,23503.99,58,47,1098,405.24,26277.47,0,Normal,28354.63,12795.95,2010,7,Jul,Tuesday,27
2010-07-07,32252.99,77,56,1720,418.87,25864.87,0,Normal,28888.52,12605.61,2010,7,Jul,Wednesday,27
2010-07-08,20301.63,70,58,1311,290.02,23807.94,0,Normal,28576.85,12701.32,2010,7,Jul,Thursday,27
2010-07-09,37271.94,30,23,882,1242.4,24801.81,0,Normal,29110.13,12719.95,2010,7,Jul,Friday,27
2010-07-11,7856.43,28,24,706,280.59,23510.83,0,Normal,28515.81,13289.24,2010,7,Jul,Sunday,27
2010-07-12,19885.9,50,38,1199,397.72,24852.58,0,Normal,27520.01,12750.83,2010,7,Jul,Monday,28
2010-07-13,21056.39,55,38,1142,382.84,23161.32,0,Normal,26407.45,11737.45,2010,7,Jul,Tuesday,28
2010-07-14,23860.81,62,47,1360,384.85,23212.3,0,Normal,25922.32,11522.86,2010,7,Jul,Wednesday,28
2010-07-15,56662.69,80,64,1571,708.28,26699.4,1,High,27198.1,12716.96,2010,7,Jul,Thursday,28
2010-07-16,22603.54,68,56,1128,332.4,27028.24,0,Normal,26691.48,12581.97,2010,7,Jul,Friday,28
2010-07-18,15214.11,40,37,884,380.35,23877.12,0,Normal,26478.06,12724.51,2010,7,Jul,Sunday,28
2010-07-19,30567.61,59,54,1432,518.1,27121.58,0,Normal,26684.47,12739.44,2010,7,Jul,Monday,29
2010-07-20,24853.87,57,48,1164,436.03,27831.29,0,Normal,26494.85,12722.36,2010,7,Jul,Tuesday,29
2010-07-21,22396.05,55,42,1222,407.2,28022.67,0,Normal,26196.88,12709.76,2010,7,Jul,Wednesday,29
2010-07-22,26860.99,78,57,1584,344.37,28451.27,0,Normal,25151.39,11182.49,2010,7,Jul,Thursday,29
2010-07-23,25904.96,48,37,1033,539.69,24057.3,0,Normal,25388.2,11118.4,2010,7,Jul,Friday,29
2010-07-25,17431.3,54,51,1266,322.8,23318.41,0,Normal,25665.46,10797.64,2010,7,Jul,Sunday,29
2010-07-26,25205.76,62,47,1474,406.54,24745.79,0,Normal,25800.33,10764.64,2010,7,Jul,Monday,30
2010-07-27,28490.87,70,56,1029,407.01,24449.11,0,Normal,26258.37,10568.78,2010,7,Jul,Tuesday,30
2010-07-28,23364.32,65,60,1312,359.45,24236.32,0,Normal,26108.89,10577.22,2010,7,Jul,Wednesday,30
2010-07-29,38422.54,72,60,1834,533.65,26525.82,0,Normal,26498.65,10813.68,2010,7,Jul,Thursday,30
2010-07-30,16147.31,53,39,737,304.67,24995.29,0,Normal,26446.24,10861.4,2010,7,Jul,Friday,30
2010-08-01,30724.29,32,27,875,960.13,25683.77,0,Normal,26842.58,10790.76,2010,8,Aug,Sunday,30
2010-08-02,29175.51,63,49,1144,463.1,27361.51,0,Normal,26015.14,9512.65,2010,8,Aug,Monday,31
2010-08-03,26943.48,59,47,1493,456.67,27609.76,0,Normal,25741.88,9357.94,2010,8,Aug,Tuesday,31
2010-08-04,21425.14,53,47,1387,404.25,26600.37,0,Normal,25299.38,9232.75,2010,8,Aug,Wednesday,31
2010-08-05,24508.48,54,48,1325,453.86,26763.82,0,Normal,25105.83,9184.72,2010,8,Aug,Thursday,31
2010-08-06,15219.6,45,31,560,338.21,23449.12,0,Normal,25050.05,9241.24,2010,8,Aug,Friday,31
2010-08-08,14147.14,44,41,897,321.53,23163.38,0,Normal,25171.83,9065.19,2010,8,Aug,Sunday,31
2010-08-09,31711.09,51,41,880,621.79,23304.35,0,Normal,25132.36,9032.93,2010,8,Aug,Monday,32
2010-08-10,35820.32,46,33,1740,778.7,24253.61,0,Normal,25542.9,9234.01,2010,8,Aug,Tuesday,32
2010-08-11,23719.39,46,35,1022,515.64,23793.02,0,Normal,25258.45,9151.25,2010,8,Aug,Wednesday,32
2010-08-12,29123.13,81,56,1764,359.54,24892.74,0,Normal,25552.5,9128.18,2010,8,Aug,Thursday,32
2010-08-13,37403.7,55,34,1463,680.07,26734.91,0,Normal,25556.89,9134.04,2010,8,Aug,Friday,32
2010-08-15,22356.69,58,52,1070,385.46,27754.49,0,Normal,26040.23,8528.69,2010,8,Aug,Sunday,32
2010-08-16,20880.2,39,32,1009,535.39,28716.36,0,Normal,26073.38,8505.85,2010,8,Aug,Monday,33
2010-08-17,30395.63,45,40,929,675.46,28528.44,0,Normal,26384.68,8486.79,2010,8,Aug,Tuesday,33
2010-08-18,37239.15,58,47,1620,642.05,28731.13,0,Normal,26830.63,8698.44,2010,8,Aug,Wednesday,33
2010-08-19,33052.15,77,55,1524,429.25,30064.38,0,Normal,26043.61,6757.87,2010,8,Aug,Thursday,33
2010-08-20,25550.79,59,49,1286,433.06,29554.04,0,Normal,26141.85,6727.5,2010,8,Aug,Friday,33
2010-08-22,22766.81,60,51,1365,379.45,27463.06,0,Normal,26393.61,6439.61,2010,8,Aug,Sunday,33
2010-08-23,21901.25,45,37,1156,486.69,27398.0,0,Normal,26104.73,6440.3,2010,8,Aug,Monday,34
2010-08-24,27485.09,61,53,1135,450.58,28341.55,0,Normal,26192.44,6440.59,2010,8,Aug,Tuesday,34
2010-08-25,31715.03,76,62,1611,417.3,28530.04,0,Normal,26503.07,6475.81,2010,8,Aug,Wednesday,34
2010-08-26,35363.46,80,64,1658,442.04,28262.08,0,Normal,26786.49,6675.01,2010,8,Aug,Thursday,34
2010-08-27,18173.14,36,29,998,504.81,26136.51,0,Normal,26528.76,6857.0,2010,8,Aug,Friday,34
2010-08-29,14509.78,39,36,811,372.05,24559.22,0,Normal,26431.37,7009.71,2010,8,Aug,Sunday,34
2010-08-31,35964.47,63,48,1751,570.86,26444.6,0,Normal,26790.0,7216.99,2010,8,Aug,Tuesday,35
2010-09-01,23367.55,43,35,980,543.43,26654.07,0,Normal,26619.22,7235.95,2010,9,Sep,Wednesday,35
2010-09-02,36501.87,91,77,1608,401.12,27942.19,0,Normal,27057.14,7427.18,2010,9,Sep,Thursday,35
2010-09-03,37258.14,60,49,1028,620.97,28734.06,0,Normal,27018.33,7368.55,2010,9,Sep,Friday,35
2010-09-05,12389.65,35,35,812,353.99,25452.09,0,Normal,26893.07,7588.37,2010,9,Sep,Sunday,35
2010-09-06,28785.63,53,41,1565,543.13,26968.16,0,Normal,26828.45,7562.83,2010,9,Sep,Monday,36
2010-09-07,27498.31,51,45,1141,539.18,28823.66,0,Normal,26772.54,7551.08,2010,9,Sep,Tuesday,36
2010-09-08,17635.87,49,45,1084,359.92,26205.29,0,Normal,26462.29,7732.84,2010,9,Sep,Wednesday,36
2010-09-09,25798.99,67,59,1611,385.06,26552.64,0,Normal,26608.08,7675.61,2010,9,Sep,Thursday,36
2010-09-10,17639.27,46,38,993,383.46,23857.98,0,Normal,26379.11,7841.08,2010,9,Sep,Friday,36
2010-09-12,15762.29,48,46,1325,328.38,20787.14,0,Normal,26397.2,7815.03,2010,9,Sep,Sunday,36
2010-09-13,38443.68,87,52,1969,441.88,24509.15,0,Normal,27207.08,7760.51,2010,9,Sep,Monday,37
2010-09-14,21261.08,63,56,1286,337.48,23434.21,0,Normal,26858.75,7785.86,2010,9,Sep,Tuesday,37
2010-09-15,34838.27,67,61,1387,519.97,24482.78,0,Normal,26826.02,7748.86,2010,9,Sep,Wednesday,37
2010-09-16,40432.69,68,51,1610,594.6,27739.47,0,Normal,27383.13,8110.19,2010,9,Sep,Thursday,37
2010-09-17,21501.73,52,41,1107,413.49,27125.57,0,Normal,27129.08,8172.93,2010,9,Sep,Friday,37
2010-09-19,23096.14,59,54,1979,391.46,27905.13,0,Normal,26652.16,7967.57,2010,9,Sep,Sunday,37
2010-09-20,43949.12,82,59,1816,535.96,31931.82,0,Normal,27371.91,8522.13,2010,9,Sep,Monday,38
2010-09-21,62951.83,103,76,2381,611.18,35432.98,1,High,28774.3,10620.35,2010,9,Sep,Tuesday,38
2010-09-22,30623.8,83,39,1470,368.96,36770.51,0,Normal,28781.9,10621.63,2010,9,Sep,Wednesday,38
2010-09-23,36287.77,86,72,1988,421.95,36977.58,0,Normal,28750.19,10596.9,2010,9,Sep,Thursday,38
2010-09-24,50511.18,67,45,1543,753.9,38417.37,0,Normal,29332.16,11297.56,2010,9,Sep,Friday,38
2010-09-26,21905.72,65,51,1451,337.01,38475.08,0,Normal,29210.65,11359.06,2010,9,Sep,Sunday,38
2010-09-27,118909.67,95,69,2265,1251.68,52162.73,1,High,32415.42,19859.94,2010,9,Sep,Monday,39
2010-09-28,46550.84,127,91,2737,366.54,52534.4,0,Normal,33237.07,19919.76,2010,9,Sep,Tuesday,39
2010-09-29,38789.98,99,83,1866,391.82,49082.71,0,Normal,33613.9,19914.12,2010,9,Sep,Wednesday,39
2010-09-30,51641.94,93,74,2107,555.29,52085.3,0,Normal,34278.13,20179.16,2010,9,Sep,Thursday,39
2010-10-01,38701.58,71,55,1699,545.09,52430.13,0,Normal,34389.4,20194.55,2010,10,Oct,Friday,39
2010-10-03,38809.35,77,64,2267,504.02,50758.44,0,Normal,35077.27,19973.39,2010,10,Oct,Sunday,39
2010-10-04,39399.48,84,72,2090,469.04,53257.55,0,Normal,35906.93,19603.1,2010,10,Oct,Monday,40
2010-10-05,84879.59,130,101,2655,652.92,48396.11,1,High,37537.43,21546.04,2010,10,Oct,Tuesday,40
2010-10-06,30927.6,63,58,1288,490.91,46164.22,0,Normal,37789.44,21418.43,2010,10,Oct,Wednesday,40
2010-10-07,54453.87,121,92,3561,450.03,48401.92,0,Normal,38387.84,21630.94,2010,10,Oct,Thursday,40
2010-10-08,60336.02,78,58,1983,773.54,49643.93,0,Normal,39157.1,21996.65,2010,10,Oct,Friday,40
2010-10-10,23197.98,68,59,1718,341.15,47429.13,0,Normal,39517.38,21628.54,2010,10,Oct,Sunday,40
2010-10-11,43509.87,91,78,2449,478.13,48100.63,0,Normal,40008.18,21543.51,2010,10,Oct,Monday,41
2010-10-12,50013.95,110,94,2426,454.67,49616.98,0,Normal,40758.7,21484.79,2010,10,Oct,Tuesday,41
2010-10-13,57949.72,86,74,2168,673.83,45769.86,0,Normal,42102.5,21248.11,2010,10,Oct,Wednesday,41
2010-10-14,87526.41,99,81,2009,884.11,53855.4,0,Normal,44160.08,22562.94,2010,10,Oct,Thursday,41
2010-10-15,54917.81,117,80,2291,469.38,53921.68,0,Normal,45402.7,22073.19,2010,10,Oct,Friday,41
2010-10-17,33361.71,71,62,2717,469.88,50068.21,0,Normal,45989.35,21484.28,2010,10,Oct,Sunday,41
2010-10-18,41548.22,104,90,2744,399.5,52689.67,0,Normal,46092.83,21454.14,2010,10,Oct,Monday,42
2010-10-19,50068.89,78,65,2254,641.91,53626.67,0,Normal,47053.09,20942.99,2010,10,Oct,Tuesday,42
2010-10-20,45915.42,108,89,2438,425.14,53041.17,0,Normal,47422.33,20817.48,2010,10,Oct,Wednesday,42
2010-10-21,39249.51,96,76,2136,408.85,50369.71,0,Normal,47382.89,20832.29,2010,10,Oct,Thursday,42
2010-10-22,41150.03,88,68,2120,467.61,43744.51,0,Normal,48037.83,20292.42,2010,10,Oct,Friday,42
2010-10-24,28877.25,83,74,2386,347.92,40024.43,0,Normal,48230.54,20073.67,2010,10,Oct,Sunday,42
2010-10-25,29496.94,73,63,1887,404.07,39472.32,0,Normal,47748.8,20351.46,2010,10,Oct,Monday,43
2010-10-26,46073.36,104,85,2493,443.01,40118.77,0,Normal,47186.18,20148.97,2010,10,Oct,Tuesday,43
2010-10-27,32986.1,72,66,1827,458.14,37678.37,0,Normal,47264.93,20086.53,2010,10,Oct,Wednesday,43
2010-10-28,34490.35,63,52,1576,547.47,36046.22,0,Normal,47205.01,20123.05,2010,10,Oct,Thursday,43
2010-10-29,47284.2,83,62,1933,569.69,37194.03,0,Normal,47097.45,20113.39,2010,10,Oct,Friday,43
2010-10-31,30358.7,83,79,2682,365.77,35652.41,0,Normal,47379.21,19805.16,2010,10,Oct,Sunday,43
2010-11-01,29629.93,62,47,2157,477.9,35759.94,0,Normal,44403.22,14748.26,2010,11,Nov,Monday,44
2010-11-02,45082.39,91,79,2224,495.41,37986.43,0,Normal,44354.27,14743.32,2010,11,Nov,Tuesday,44
2010-11-03,45438.9,87,75,2031,522.29,37895.8,0,Normal,44575.9,14706.72,2010,11,Nov,Wednesday,44
2010-11-04,90056.29,132,104,3625,682.24,46048.68,1,High,45856.38,16858.12,2010,11,Nov,Thursday,44
2010-11-05,46639.15,75,57,1919,621.86,47784.22,0,Normal,46120.97,16804.16,2010,11,Nov,Friday,44
2010-11-07,32024.41,82,75,2811,390.54,45604.25,0,Normal,45894.8,16950.97,2010,11,Nov,Sunday,44
2010-11-08,90952.91,82,67,2585,1109.18,54260.57,1,High,47613.25,18783.87,2010,11,Nov,Monday,45
2010-11-09,66381.06,121,99,2826,548.6,59510.73,0,Normal,46996.63,17796.0,2010,11,Nov,Tuesday,45
2010-11-10,80244.63,131,100,3599,612.55,64533.91,0,Normal,48640.53,18523.4,2010,11,Nov,Wednesday,45
2010-11-11,64240.98,129,99,3208,497.99,67219.92,0,Normal,48966.77,18714.51,2010,11,Nov,Thursday,45
2010-11-12,50851.12,111,81,3052,458.12,61619.18,0,Normal,48650.61,18595.56,2010,11,Nov,Friday,45
2010-11-14,29452.88,90,76,2908,327.25,59164.0,0,Normal,48859.1,18333.56,2010,11,Nov,Sunday,45
2010-11-15,105185.54,103,83,3725,1021.22,69615.59,1,High,50914.96,20980.05,2010,11,Nov,Monday,46
2010-11-16,73090.41,108,95,3282,676.76,67063.8,0,Normal,51684.17,21365.38,2010,11,Nov,Tuesday,46
2010-11-17,51724.56,119,97,2840,434.66,64970.02,0,Normal,51476.67,21332.63,2010,11,Nov,Wednesday,46
2010-11-18,45066.24,104,91,2877,433.33,59944.53,0,Normal,50061.33,20238.89,2010,11,Nov,Thursday,46
2010-11-19,48044.49,108,90,2509,444.86,57630.75,0,Normal,49832.22,20220.92,2010,11,Nov,Friday,46
2010-11-21,32448.6,96,89,3248,338.01,55001.82,0,Normal,49801.78,20247.23,2010,11,Nov,Sunday,46
2010-11-22,43278.66,93,80,3254,465.36,56976.93,0,Normal,49859.46,20225.36,2010,11,Nov,Monday,47
2010-11-23,58561.66,132,112,3581,443.65,50316.37,0,Normal,50142.56,20287.74,2010,11,Nov,Tuesday,47
2010-11-24,61907.52,133,104,3344,465.47,48718.82,0,Normal,50675.63,20382.71,2010,11,Nov,Wednesday,47
2010-11-25,72511.2,153,133,3476,473.93,51688.34,0,Normal,51784.35,20642.74,2010,11,Nov,Thursday,47
2010-11-26,40570.95,84,72,2590,482.99,51046.15,0,Normal,51765.05,20653.29,2010,11,Nov,Friday,47
2010-11-28,27594.86,91,83,2586,303.24,48124.78,0,Normal,51722.3,20703.56,2010,11,Nov,Sunday,47
2010-11-29,79264.06,107,89,3916,740.79,54812.7,0,Normal,53381.2,20854.59,2010,11,Nov,Monday,48
2010-11-30,60029.08,123,101,2291,488.04,57205.62,0,Normal,53846.39,20841.61,2010,11,Nov,Tuesday,48
2010-12-01,117921.58,127,95,6144,928.52,65685.61,1,High,56677.58,23508.48,2010,12,Dec,Wednesday,48
2010-12-02,95496.76,142,99,4126,672.51,70484.07,0,Normal,58711.12,24152.83,2010,12,Dec,Thursday,48
2010-12-03,93887.42,68,50,4310,1380.7,73537.82,0,Normal,60264.56,24880.28,2010,12,Dec,Friday,48
2010-12-05,63549.9,88,75,5416,722.16,76820.52,0,Normal,61370.94,24234.15,2010,12,Dec,Sunday,48
2010-12-06,109660.92,102,82,7632,1075.11,88544.25,0,Normal,64038.64,25012.04,2010,12,Dec,Monday,49
2010-12-07,199236.4,84,65,5724,2371.86,105683.15,1,High,69177.1,34873.88,2010,12,Dec,Tuesday,49
2010-12-08,90779.96,116,99,5130,782.59,110076.13,0,Normal,70688.47,34792.04,2010,12,Dec,Wednesday,49
2010-12-09,107172.36,107,90,5550,1001.61,108540.53,0,Normal,71259.01,35257.81,2010,12,Dec,Thursday,49
2010-12-10,59182.92,77,53,2681,768.61,103352.84,0,Normal,71677.13,35029.42,2010,12,Dec,Friday,49
2010-12-12,17329.07,44,42,1439,393.84,92415.93,0,Normal,71187.29,35699.37,2010,12,Dec,Sunday,49
2010-12-13,38006.71,70,59,2263,542.95,88766.91,0,Normal,69422.42,35996.04,2010,12,Dec,Monday,50
2010-12-14,45254.73,90,73,2005,502.83,79566.02,0,Normal,68718.21,36263.26,2010,12,Dec,Tuesday,50
2010-12-15,30444.62,74,66,1307,411.41,55452.91,0,Normal,67058.21,36852.47,2010,12,Dec,Wednesday,50
2010-12-16,49352.9,121,98,1750,407.88,49534.76,0,Normal,66561.94,36991.7,2010,12,Dec,Thursday,50
2010-12-17,45418.33,66,51,3105,688.16,40712.75,0,Normal,66380.84,37084.44,2010,12,Dec,Friday,50
2010-12-19,7534.91,23,17,518,327.6,33334.47,0,Normal,65650.24,38040.62,2010,12,Dec,Sunday,50
2010-12-20,26789.13,61,41,1671,439.17,34685.9,0,Normal,63037.03,37923.63,2010,12,Dec,Monday,51
2010-12-21,47304.09,55,23,1559,860.07,36014.1,0,Normal,62177.49,37980.1,2010,12,Dec,Tuesday,51
2010-12-22,6199.97,17,13,222,364.7,30434.85,0,Normal,60660.0,39298.72,2010,12,Dec,Wednesday,51
2010-12-23,12076.11,27,15,944,447.26,27810.78,0,Normal,59560.33,40201.32,2010,12,Dec,Thursday,51
2011-01-04,16026.08,36,34,1156,445.17,23049.8,0,Normal,58493.05,40935.9,2011,1,Jan,Tuesday,1
2011-01-05,32634.47,55,45,1666,593.35,21223.54,0,Normal,58499.24,40931.83,2011,1,Jan,Wednesday,1
2011-01-06,40382.85,50,45,1765,807.66,25916.1,0,Normal,58402.72,40972.36,2011,1,Jan,Thursday,1
2011-01-07,28836.59,53,45,1766,544.09,26208.59,0,Normal,57411.88,41326.27,2011,1,Jan,Friday,1
2011-01-09,15778.2,48,48,1098,328.71,21704.9,0,Normal,55874.24,42005.82,2011,1,Jan,Sunday,1
2011-01-10,24569.07,39,32,1951,629.98,24329.05,0,Normal,54276.17,42262.24,2011,1,Jan,Monday,2
2011-01-11,68655.59,58,47,1395,1183.72,32411.84,0,Normal,55212.32,42259.23,2011,1,Jan,Tuesday,2
2011-01-12,24693.78,45,42,1783,548.75,33650.08,0,Normal,55115.62,42327.87,2011,1,Jan,Wednesday,2
2011-01-13,20624.64,44,41,1433,468.74,31934.39,0,Normal,53160.97,42527.75,2011,1,Jan,Thursday,2
2011-01-14,47576.9,47,37,1493,1012.27,32962.11,0,Normal,52745.9,42519.17,2011,1,Jan,Friday,2
2011-01-16,7242.06,25,22,642,289.68,29877.18,0,Normal,49056.58,41457.46,2011,1,Jan,Sunday,2
2011-01-17,29333.02,51,45,2551,575.16,31813.58,0,Normal,46851.12,40653.85,2011,1,Jan,Monday,3
2011-01-18,95978.05,41,31,1428,2340.93,42014.86,0,Normal,46920.81,40738.96,2011,1,Jan,Tuesday,3
2011-01-19,25934.57,35,33,1407,740.99,35911.86,0,Normal,45666.97,40788.33,2011,1,Jan,Wednesday,3
2011-01-20,21246.99,39,30,1477,544.79,35419.46,0,Normal,42719.84,39166.97,2011,1,Jan,Thursday,3
2011-01-21,32640.3,39,32,1532,836.93,37135.98,0,Normal,37166.63,25708.26,2011,1,Jan,Friday,3
2011-01-23,10400.25,27,27,860,385.19,31825.03,0,Normal,34487.31,24064.0,2011,1,Jan,Sunday,3
2011-01-24,25733.79,53,43,1472,485.54,34466.71,0,Normal,31772.69,19796.93,2011,1,Jan,Monday,4
2011-01-25,29077.47,67,57,1600,433.99,34430.2,0,Normal,30769.17,19110.72,2011,1,Jan,Tuesday,4
2011-01-26,19922.29,56,49,1256,355.76,23565.09,0,Normal,30855.62,19053.61,2011,1,Jan,Wednesday,4
2011-01-27,23730.84,52,50,1493,456.36,23250.28,0,Normal,30379.75,19047.12,2011,1,Jan,Thursday,4
2011-01-28,20090.65,40,36,895,502.27,23085.08,0,Normal,29540.95,18923.15,2011,1,Jan,Friday,4
2011-01-30,6615.75,24,22,714,275.66,19367.29,0,Normal,28746.65,19378.54,2011,1,Jan,Sunday,4
2011-01-31,23640.36,62,50,1473,381.3,21258.74,0,Normal,27889.57,19000.66,2011,1,Jan,Monday,5
2011-02-01,29034.99,63,57,1527,460.87,21730.34,0,Normal,27343.46,18712.74,2011,2,Feb,Tuesday,5
2011-02-02,21216.2,63,55,1397,336.77,20607.3,0,Normal,27799.5,18377.05,2011,2,Feb,Wednesday,5
2011-02-03,23479.83,46,44,978,510.43,21115.52,0,Normal,27689.19,18393.25,2011,2,Feb,Thursday,5
2011-02-04,25162.19,52,41,1202,483.89,21320.0,0,Normal,26951.13,18019.47,2011,2,Feb,Friday,5
2011-02-06,3457.11,11,11,279,314.28,18943.78,0,Normal,26859.7,18134.97,2011,2,Feb,Sunday,5
2011-02-07,25955.01,42,35,1229,617.98,21706.53,0,Normal,27322.33,17920.6,2011,2,Feb,Monday,6
2011-02-08,20949.92,45,37,1198,465.55,21322.18,0,Normal,27486.46,17835.92,2011,2,Feb,Tuesday,6
2011-02-09,16692.58,29,22,877,575.61,19558.98,0,Normal,26955.06,17914.56,2011,2,Feb,Wednesday,6
2011-02-10,14896.46,41,39,721,363.33,18656.16,0,Normal,26105.52,17860.06,2011,2,Feb,Thursday,6
2011-02-11,22873.1,45,34,867,508.29,18569.48,0,Normal,25906.73,17861.8,2011,2,Feb,Friday,6
2011-02-13,5713.63,20,20,609,285.68,15791.12,0,Normal,25571.25,18150.77,2011,2,Feb,Sunday,6
2011-02-14,26703.51,42,36,1087,635.8,19112.03,0,Normal,25642.39,18150.89,2011,2,Feb,Monday,7
2011-02-15,39875.74,58,47,1314,687.51,21100.71,0,Normal,24683.07,16483.05,2011,2,Feb,Tuesday,7
2011-02-16,24949.1,63,56,1184,396.02,21672.02,0,Normal,24691.58,16483.12,2011,2,Feb,Wednesday,7
2011-02-17,26372.67,68,50,1714,387.83,23054.89,0,Normal,24883.18,16467.62,2011,2,Feb,Thursday,7
2011-02-18,16208.75,39,34,818,415.61,23242.36,0,Normal,23837.57,15965.19,2011,2,Feb,Friday,7
2011-02-20,9624.69,26,26,859,370.18,21349.73,0,Normal,23916.99,15885.52,2011,2,Feb,Sunday,7
2011-02-21,36388.75,38,31,1376,957.6,25731.89,0,Normal,24152.18,16020.13,2011,2,Feb,Monday,8
2011-02-22,32498.35,52,47,1568,624.97,26559.72,0,Normal,22036.19,8747.55,2011,2,Feb,Tuesday,8
2011-02-23,26891.6,63,49,1571,426.85,24704.84,0,Normal,22068.1,8763.99,2011,2,Feb,Wednesday,8
2011-02-24,22809.84,55,52,1270,414.72,24399.24,0,Normal,22120.19,8763.59,2011,2,Feb,Thursday,8
2011-02-25,20595.74,49,42,970,420.32,23573.96,0,Normal,21718.71,8538.0,2011,2,Feb,Friday,8
2011-02-27,9526.5,33,31,810,288.68,22619.35,0,Normal,21689.58,8579.34,2011,2,Feb,Sunday,8
2011-02-28,21755.63,57,49,1680,381.68,24352.34,0,Normal,21556.98,8545.35,2011,2,Feb,Monday,9
2011-03-01,26354.96,62,52,1354,425.08,22918.95,0,Normal,21466.22,8476.91,2011,3,Mar,Tuesday,9
2011-03-02,18690.79,43,40,891,434.67,20946.44,0,Normal,21425.17,8487.62,2011,3,Mar,Wednesday,9
2011-03-03,36404.0,49,46,1337,742.94,22305.35,0,Normal,21847.61,8911.14,2011,3,Mar,Thursday,9
2011-03-04,19506.8,49,38,1099,398.1,21833.49,0,Normal,21828.15,8915.75,2011,3,Mar,Friday,9
2011-03-06,10005.37,27,24,822,370.57,20320.58,0,Normal,21941.14,8735.98,2011,3,Mar,Sunday,9
2011-03-07,32356.55,68,49,1907,475.83,23582.01,0,Normal,22231.68,8937.07,2011,3,Mar,Monday,10
2011-03-08,25081.62,48,41,1583,522.53,24057.16,0,Normal,22099.9,8862.13,2011,3,Mar,Tuesday,10
2011-03-09,22038.84,53,47,1242,415.83,23440.57,0,Normal,22127.32,8860.57,2011,3,Mar,Wednesday,10
2011-03-10,26120.22,57,46,1080,458.25,24501.91,0,Normal,22215.33,8887.54,2011,3,Mar,Thursday,10
2011-03-11,25475.18,53,42,940,480.66,22940.65,0,Normal,22225.77,8891.31,2011,3,Mar,Friday,10
2011-03-13,4148.12,16,16,534,259.26,20746.56,1,Low,22248.8,8841.76,2011,3,Mar,Sunday,10
2011-03-14,26019.55,50,41,1091,520.39,23034.3,0,Normal,22250.95,8842.7,2011,3,Mar,Monday,11
2011-03-15,23493.49,52,40,1277,451.8,21768.15,0,Normal,22335.74,8841.99,2011,3,Mar,Tuesday,11
2011-03-16,21948.36,52,46,863,422.08,21320.54,0,Normal,22510.93,8778.16,2011,3,Mar,Wednesday,11
2011-03-17,39904.94,62,51,2017,643.63,23872.84,0,Normal,23344.55,9207.11,2011,3,Mar,Thursday,11
2011-03-18,28171.79,64,48,1309,440.18,24165.92,0,Normal,23521.17,9248.48,2011,3,Mar,Friday,11
2011-03-20,22153.49,60,56,1444,369.22,23691.39,0,Normal,24069.16,8622.84,2011,3,Mar,Sunday,11
2011-03-21,16715.52,53,47,1040,315.39,25486.73,0,Normal,23736.23,8710.0,2011,3,Mar,Monday,12
2011-03-22,31515.58,53,40,2346,594.63,26271.88,0,Normal,23457.56,8299.91,2011,3,Mar,Tuesday,12
2011-03-23,24091.67,63,55,1287,382.41,26357.34,0,Normal,23428.98,8296.07,2011,3,Mar,Wednesday,12
2011-03-24,36697.14,68,63,1544,539.66,28464.3,0,Normal,23773.13,8629.83,2011,3,Mar,Thursday,12
2011-03-25,31394.21,56,45,1340,560.61,27248.49,0,Normal,24279.31,8616.18,2011,3,Mar,Friday,12
2011-03-27,9241.35,32,31,715,288.79,24544.14,0,Normal,24266.53,8638.92,2011,3,Mar,Sunday,12
2011-03-28,23176.72,61,52,1633,379.95,24690.31,0,Normal,23826.13,8330.91,2011,3,Mar,Monday,13
2011-03-29,70711.92,62,46,1941,1140.51,32404.08,1,High,25099.92,11871.6,2011,3,Mar,Tuesday,13
2011-03-30,31885.28,75,63,1531,425.14,32456.9,0,Normal,25266.37,11932.44,2011,3,Mar,Wednesday,13
2011-03-31,34335.9,66,57,1636,520.24,33920.36,0,Normal,25650.57,12035.73,2011,3,Mar,Thursday,13
2011-04-01,25667.51,75,59,1222,342.23,32344.7,0,Normal,25819.63,11997.84,2011,4,Apr,Friday,13
2011-04-03,6943.15,20,18,725,347.16,28851.69,0,Normal,25733.52,12127.38,2011,4,Apr,Sunday,13
2011-04-04,33254.24,59,49,1656,563.63,32282.1,0,Normal,26116.81,12178.92,2011,4,Apr,Monday,14
2011-04-05,30144.77,52,45,1135,579.71,33277.54,0,Normal,26243.14,12201.11,2011,4,Apr,Tuesday,14
2011-04-06,17362.36,40,36,1070,434.06,25656.17,0,Normal,26198.85,12231.84,2011,4,Apr,Wednesday,14
2011-04-07,18512.89,64,57,1500,289.26,23745.83,0,Normal,25602.48,12153.02,2011,4,Apr,Thursday,14
2011-04-08,25295.64,71,63,1368,356.28,22454.37,0,Normal,25795.45,12098.73,2011,4,Apr,Friday,14
2011-04-10,9913.98,32,31,933,309.81,20203.86,0,Normal,25792.4,12102.85,2011,4,Apr,Sunday,14
2011-04-11,22353.27,64,54,1223,349.27,22405.31,0,Normal,25458.96,12053.47,2011,4,Apr,Monday,15
2011-04-12,25570.3,62,54,1111,412.42,21307.6,0,Normal,25475.25,12053.27,2011,4,Apr,Tuesday,15
2011-04-13,24484.42,60,54,1021,408.07,20498.98,0,Normal,25556.77,12037.49,2011,4,Apr,Wednesday,15
2011-04-14,36104.07,86,75,1547,419.81,23176.37,0,Normal,25889.56,12190.64,2011,4,Apr,Thursday,15
2011-04-15,28334.12,56,40,1480,505.97,24579.4,0,Normal,25984.86,12198.46,2011,4,Apr,Friday,15
2011-04-17,12725.5,42,39,966,302.99,22783.67,0,Normal,26270.77,11761.69,2011,4,Apr,Sunday,15
2011-04-18,56026.18,69,56,3131,811.97,29371.12,1,High,27270.99,12954.95,2011,4,Apr,Monday,16
2011-04-19,24338.7,59,52,1860,412.52,29654.76,0,Normal,27299.17,12947.37,2011,4,Apr,Tuesday,16
2011-04-20,28670.47,63,58,990,455.09,30097.64,0,Normal,27523.24,12909.69,2011,4,Apr,Wednesday,16
2011-04-21,32615.63,77,64,1894,423.58,31259.24,0,Normal,27280.26,12736.04,2011,4,Apr,Thursday,16
2011-04-26,31047.43,71,55,1865,437.29,30536.86,0,Normal,27376.11,12753.79,2011,4,Apr,Tuesday,17
2011-04-27,25942.44,65,56,1268,399.11,30195.19,0,Normal,27502.41,12719.0,2011,4,Apr,Wednesday,17
2011-04-28,22501.55,59,49,1131,381.38,31591.77,0,Normal,27695.28,12593.04,2011,4,Apr,Thursday,17
2011-05-01,6973.66,18,18,448,387.43,24584.27,0,Normal,26877.22,13122.33,2011,5,May,Sunday,17
2011-05-03,35229.41,66,50,1369,533.78,26140.08,0,Normal,27248.47,13198.14,2011,5,May,Tuesday,18
2011-05-04,27544.15,65,55,1143,423.76,25979.18,0,Normal,26943.37,13077.42,2011,5,May,Wednesday,18
2011-05-05,29174.29,89,76,1798,327.8,25487.56,0,Normal,26869.38,13057.63,2011,5,May,Thursday,18
2011-05-06,36126.35,82,64,2007,440.57,26213.12,0,Normal,27765.54,12724.4,2011,5,May,Friday,18
2011-05-08,18867.4,63,58,1500,299.48,25202.4,0,Normal,27621.9,12802.08,2011,5,May,Sunday,18
2011-05-09,27899.71,71,59,1750,392.95,25973.57,0,Normal,26194.83,9887.53,2011,5,May,Monday,19
2011-05-10,47819.98,96,63,2532,498.12,31808.76,0,Normal,26725.98,10605.69,2011,5,May,Tuesday,19
2011-05-11,33687.25,80,56,1662,421.09,31588.45,0,Normal,26704.36,10590.29,2011,5,May,Wednesday,19
2011-05-12,61903.09,86,68,1927,719.8,36496.87,1,High,27912.21,12382.66,2011,5,May,Thursday,19
2011-05-13,30749.95,73,52,1418,421.23,36721.96,0,Normal,28705.77,11738.59,2011,5,May,Friday,19
2011-05-15,9924.28,31,29,809,320.14,32978.81,0,Normal,27928.11,12190.94,2011,5,May,Sunday,19
2011-05-16,39651.28,68,52,1584,583.11,35947.93,0,Normal,28244.99,12372.74,2011,5,May,Monday,20
2011-05-17,55151.99,82,56,1801,672.59,39841.12,0,Normal,29504.65,13127.24,2011,5,May,Tuesday,20
2011-05-18,34483.44,73,62,1343,472.38,37935.9,0,Normal,30037.0,12989.23,2011,5,May,Wednesday,20
2011-05-19,35599.35,99,82,1888,359.59,38209.05,0,Normal,30380.45,12995.76,2011,5,May,Thursday,20
2011-05-20,26718.17,71,58,1104,376.31,33182.64,0,Normal,30940.59,12433.16,2011,5,May,Friday,20
2011-05-22,24231.09,61,57,1553,397.23,32251.37,0,Normal,31003.19,12393.1,2011,5,May,Sunday,20
2011-05-23,34685.6,68,55,1564,510.08,35788.7,0,Normal,31307.03,12367.02,2011,5,May,Monday,21
2011-05-24,37660.04,68,53,1698,553.82,35504.24,0,Normal,31746.22,12350.32,2011,5,May,Tuesday,21
2011-05-25,24408.12,65,52,1291,375.51,31112.26,0,Normal,31356.35,12392.54,2011,5,May,Wednesday,21
2011-05-26,33497.03,64,50,946,523.39,30971.34,0,Normal,31528.45,12384.97,2011,5,May,Thursday,21
2011-05-27,28442.03,64,49,1132,444.41,29948.87,0,Normal,32052.34,11884.47,2011,5,May,Friday,21
2011-05-29,7394.3,24,20,630,308.1,27188.32,0,Normal,30431.27,11818.19,2011,5,May,Sunday,21
2011-05-31,22714.06,54,48,1267,420.63,26971.6,0,Normal,30377.12,11850.75,2011,5,May,Tuesday,22
2011-06-01,20595.69,42,35,1418,490.37,24958.75,0,Normal,30107.96,11981.82,2011,6,Jun,Wednesday,22
2011-06-02,32826.14,52,33,1539,631.27,24268.2,0,Normal,30114.98,11983.4,2011,6,Jun,Thursday,22
2011-06-03,16913.25,44,37,847,384.39,23197.5,0,Normal,29643.84,12220.97,2011,6,Jun,Friday,22
2011-06-05,25639.54,67,62,1555,382.68,22075.0,0,Normal,29633.74,12224.26,2011,6,Jun,Sunday,22
2011-06-06,17789.07,57,54,1175,312.09,20553.15,0,Normal,29476.66,12348.71,2011,6,Jun,Monday,23
2011-06-07,37957.72,78,68,1891,486.64,24919.35,0,Normal,30509.46,11679.3,2011,6,Jun,Tuesday,23
2011-06-08,43264.33,99,71,2297,437.01,27855.11,0,Normal,30777.29,11881.64,2011,6,Jun,Wednesday,23
2011-06-09,46389.1,85,76,1816,545.75,31539.88,0,Normal,31405.45,12198.74,2011,6,Jun,Thursday,23
2011-06-10,62234.44,50,41,1018,1244.69,35741.06,1,High,32507.46,13422.17,2011,6,Jun,Friday,23
2011-06-12,12517.06,39,38,1068,320.95,35113.04,0,Normal,31720.48,13886.76,2011,6,Jun,Sunday,23
2011-06-13,22457.21,59,49,1404,380.63,34658.42,0,Normal,31840.14,13787.3,2011,6,Jun,Monday,24
2011-06-14,40474.01,57,42,1574,710.07,37899.12,0,Normal,32259.29,13854.35,2011,6,Jun,Tuesday,24
2011-06-15,49097.99,59,42,1671,832.17,39490.59,0,Normal,32301.89,13905.72,2011,6,Jun,Wednesday,24
2011-06-16,34584.68,83,74,1501,416.68,38250.64,0,Normal,32331.8,13909.76,2011,6,Jun,Thursday,24
2011-06-17,21076.17,52,35,939,405.31,34634.51,0,Normal,30970.9,12875.57,2011,6,Jun,Friday,24
2011-06-19,22442.18,60,57,1157,374.04,28949.9,0,Normal,30693.98,12969.49,2011,6,Jun,Sunday,24
2011-06-20,37514.98,74,49,1974,506.96,32521.03,0,Normal,31613.67,12412.16,2011,6,Jun,Monday,25
2011-06-21,24784.37,55,45,1452,450.62,32853.48,0,Normal,31118.1,12376.93,2011,6,Jun,Tuesday,25
2011-06-22,21825.99,60,55,1008,363.77,30189.48,0,Normal,30007.24,11617.7,2011,6,Jun,Wednesday,25
2011-06-23,25242.82,72,64,1947,350.59,26781.6,0,Normal,29699.22,11617.42,2011,6,Jun,Thursday,25
2011-06-24,19521.96,51,40,1024,382.78,24629.78,0,Normal,29163.3,11706.35,2011,6,Jun,Friday,25
2011-06-26,7082.49,26,24,667,272.4,22630.68,0,Normal,28508.78,12377.47,2011,6,Jun,Sunday,25
2011-06-27,17015.76,45,31,1155,378.13,21855.48,0,Normal,28268.27,12532.59,2011,6,Jun,Monday,26
2011-06-28,35607.32,55,41,957,647.41,21582.96,0,Normal,28299.0,12549.98,2011,6,Jun,Tuesday,26
2011-06-29,22088.32,42,36,1314,525.91,21197.81,0,Normal,27779.94,12471.24,2011,6,Jun,Wednesday,26
2011-06-30,44797.31,70,55,1609,639.96,24479.43,0,Normal,28459.58,12831.51,2011,6,Jun,Thursday,26
2011-07-01,13675.06,49,35,975,279.08,22826.89,0,Normal,27798.84,13071.28,2011,7,Jul,Friday,26
2011-07-03,6032.39,25,24,598,241.3,20899.81,0,Normal,27051.86,13660.31,2011,7,Jul,Sunday,26
2011-07-04,44652.83,52,32,2184,858.71,26267.0,0,Normal,28293.81,13504.3,2011,7,Jul,Monday,27
2011-07-05,40758.43,73,58,2171,558.33,29658.81,0,Normal,28895.29,13648.29,2011,7,Jul,Tuesday,27
2011-07-06,26387.54,70,61,1794,376.96,28341.7,0,Normal,29088.35,13567.57,2011,7,Jul,Wednesday,27
2011-07-07,32445.71,76,67,1892,426.92,29821.32,0,Normal,29075.67,13564.13,2011,7,Jul,Thursday,27
2011-07-08,27082.1,65,42,1577,416.65,27290.58,0,Normal,29414.63,13375.46,2011,7,Jul,Friday,27
2011-07-10,5993.87,24,20,815,249.74,26193.27,0,Normal,28759.77,14031.49,2011,7,Jul,Sunday,27
2011-07-11,22605.02,52,43,1487,434.71,28560.79,0,Normal,28920.31,13928.83,2011,7,Jul,Monday,28
2011-07-12,26262.55,53,41,1645,495.52,25933.6,0,Normal,28530.47,13830.48,2011,7,Jul,Tuesday,28
2011-07-13,22641.94,59,50,1610,383.76,23345.53,0,Normal,27843.05,13583.2,2011,7,Jul,Wednesday,28
2011-07-14,33602.13,71,61,1661,473.27,24376.19,0,Normal,27416.82,13175.68,2011,7,Jul,Thursday,28
2011-07-15,14836.43,42,34,1115,353.25,21860.58,0,Normal,25836.89,11604.8,2011,7,Jul,Friday,28
2011-07-17,17194.56,51,45,1246,337.15,20448.07,0,Normal,25992.8,11450.06,2011,7,Jul,Sunday,28
2011-07-18,38831.61,65,45,2150,597.41,25139.18,0,Normal,26538.62,11663.99,2011,7,Jul,Monday,29
2011-07-19,50182.83,67,57,1574,749.0,29078.86,0,Normal,26862.24,12186.94,2011,7,Jul,Tuesday,29
2011-07-20,33308.24,58,47,1993,574.28,30085.39,0,Normal,26335.92,11516.01,2011,7,Jul,Wednesday,29
2011-07-21,32818.54,76,59,1490,431.82,31539.19,0,Normal,26277.05,11476.83,2011,7,Jul,Thursday,29
2011-07-22,20124.86,43,34,1280,468.02,29613.87,0,Normal,26245.34,11493.0,2011,7,Jul,Friday,29
2011-07-24,27099.46,58,53,1116,467.23,31365.73,0,Normal,26400.58,11471.29,2011,7,Jul,Sunday,29
2011-07-25,26887.15,59,49,1935,455.71,32750.38,0,Normal,26046.32,11278.7,2011,7,Jul,Monday,30
2011-07-26,21644.26,53,44,1226,408.38,30295.05,0,Normal,25941.65,11305.36,2011,7,Jul,Tuesday,30
2011-07-27,25602.93,48,39,1221,533.39,26783.63,0,Normal,26067.55,11278.95,2011,7,Jul,Wednesday,30
2011-07-28,56269.74,80,68,1502,703.37,30063.85,1,High,27101.78,12551.45,2011,7,Jul,Thursday,30
2011-07-29,18790.4,64,57,1118,293.6,28059.83,0,Normal,27077.39,12567.38,2011,7,Jul,Friday,30
2011-07-31,33490.61,42,37,1270,797.4,29969.22,0,Normal,27957.66,12032.03,2011,7,Jul,Sunday,30
2011-08-01,21388.92,40,35,1188,534.72,29153.43,0,Normal,28103.44,11920.87,2011,8,Aug,Monday,31
2011-08-02,26580.6,44,39,1332,604.1,29109.64,0,Normal,27802.54,11838.57,2011,8,Aug,Tuesday,31
2011-08-03,28113.14,64,59,1518,439.27,30033.76,0,Normal,28003.37,11789.29,2011,8,Aug,Wednesday,31
2011-08-04,65502.21,82,76,1782,798.81,35733.66,1,High,28693.54,13313.82,2011,8,Aug,Thursday,31
2011-08-05,21538.58,55,47,1442,391.61,30772.07,0,Normal,28955.65,13083.35,2011,8,Aug,Friday,31
2011-08-07,7578.91,30,28,529,252.63,29170.42,0,Normal,29007.2,12992.65,2011,8,Aug,Sunday,31
2011-08-08,23377.65,40,38,1454,584.44,27725.72,0,Normal,28298.03,12686.24,2011,8,Aug,Monday,32
2011-08-09,27679.44,42,38,1087,659.03,28624.36,0,Normal,27862.06,12466.09,2011,8,Aug,Tuesday,32
2011-08-10,28792.34,49,42,1360,587.6,28940.32,0,Normal,27942.22,12464.01,2011,8,Aug,Wednesday,32
2011-08-11,72433.79,69,58,1931,1049.77,35271.85,1,High,29275.16,14868.52,2011,8,Aug,Thursday,32
2011-08-12,32231.35,51,40,1108,631.99,30518.87,0,Normal,29446.8,14872.05,2011,8,Aug,Friday,32
2011-08-14,5718.57,25,21,538,228.74,28258.86,0,Normal,29437.63,14887.1,2011,8,Aug,Sunday,32
2011-08-15,17243.97,48,46,917,359.25,29639.59,0,Normal,29258.92,15003.66,2011,8,Aug,Monday,33
2011-08-16,19239.66,53,44,1018,363.01,29048.45,0,Normal,29024.83,15106.46,2011,8,Aug,Tuesday,33
2011-08-17,53499.96,54,45,1650,990.74,32737.09,0,Normal,30053.43,15695.93,2011,8,Aug,Wednesday,33
2011-08-18,54106.93,69,64,1485,784.16,36353.46,0,Normal,30736.92,16290.96,2011,8,Aug,Thursday,33
2011-08-19,17349.59,56,54,811,309.81,28484.29,0,Normal,30820.69,16212.65,2011,8,Aug,Friday,33
2011-08-21,14576.86,39,36,1065,373.77,25962.22,0,Normal,30733.44,16295.35,2011,8,Aug,Sunday,33
2011-08-22,29651.46,65,57,1267,456.18,29381.2,0,Normal,30427.43,16224.07,2011,8,Aug,Monday,34
2011-08-23,25993.68,64,56,1434,406.15,30631.16,0,Normal,29621.13,15804.05,2011,8,Aug,Tuesday,34
2011-08-24,49035.36,76,59,1818,645.2,34887.69,0,Normal,30145.36,16186.78,2011,8,Aug,Wednesday,34
2011-08-25,23827.46,74,68,1261,321.99,30648.76,0,Normal,29845.66,16218.78,2011,8,Aug,Thursday,34
2011-08-26,25626.44,47,41,918,545.24,26580.12,0,Normal,30029.05,16135.97,2011,8,Aug,Friday,34
2011-08-28,10805.03,37,36,1196,292.03,25645.18,0,Normal,29485.9,16507.94,2011,8,Aug,Sunday,34
2011-08-30,31866.31,41,23,3216,777.23,28115.11,0,Normal,29651.87,16505.94,2011,8,Aug,Tuesday,35
2011-08-31,25380.17,47,39,1158,540.0,27504.92,0,Normal,29776.4,16457.46,2011,8,Aug,Wednesday,35
2011-09-01,37370.15,76,69,1398,491.71,29130.13,0,Normal,30168.64,16494.75,2011,9,Sep,Thursday,35
2011-09-02,42322.02,74,58,2328,571.92,28171.08,0,Normal,29703.72,15920.25,2011,9,Sep,Friday,35
2011-09-04,17119.59,50,45,1333,342.39,27212.82,0,Normal,29648.02,15962.61,2011,9,Sep,Sunday,35
2011-09-05,37157.14,68,57,1565,546.43,28860.06,0,Normal,29770.24,16007.02,2011,9,Sep,Monday,36
2011-09-06,28349.91,64,54,1122,442.97,31366.47,0,Normal,30002.28,15931.61,2011,9,Sep,Tuesday,36
2011-09-07,34413.53,52,42,2078,661.8,31730.36,0,Normal,30263.37,15937.79,2011,9,Sep,Wednesday,36
2011-09-08,27195.8,76,63,1748,357.84,31989.73,0,Normal,30232.8,15942.94,2011,9,Sep,Thursday,36
2011-09-09,30075.62,62,52,1558,485.09,30947.66,0,Normal,29051.91,14485.9,2011,9,Sep,Friday,36
2011-09-11,35511.67,75,68,2027,473.49,29974.75,0,Normal,29517.68,14460.61,2011,9,Sep,Sunday,36
2011-09-12,29738.33,68,62,1633,437.33,31777.43,0,Normal,30256.33,13854.59,2011,9,Sep,Monday,37
2011-09-13,55117.05,67,61,2422,822.64,34343.13,0,Normal,31314.31,14507.66,2011,9,Sep,Tuesday,37
2011-09-14,23592.98,68,58,1332,346.96,33663.57,0,Normal,31178.09,14562.05,2011,9,Sep,Wednesday,37
2011-09-15,78218.95,83,70,2150,942.4,39921.49,1,High,32825.64,16892.42,2011,9,Sep,Thursday,37
2011-09-16,27724.22,50,44,1438,554.48,39996.97,0,Normal,31335.33,15161.04,2011,9,Sep,Friday,37
2011-09-18,15745.73,27,25,1272,583.18,37949.85,0,Normal,30785.8,15423.93,2011,9,Sep,Sunday,37
2011-09-19,49269.88,71,63,1383,693.94,39915.31,0,Normal,32237.52,15027.67,2011,9,Sep,Monday,38
2011-09-20,109612.03,70,53,1708,1565.89,51325.83,1,High,35316.45,20364.53,2011,9,Sep,Tuesday,38
2011-09-21,48560.68,75,65,3024,647.48,50389.21,0,Normal,36293.82,20269.73,2011,9,Sep,Wednesday,38
2011-09-22,59354.79,112,94,2672,529.95,55498.04,0,Normal,36488.98,20468.32,2011,9,Sep,Thursday,38
2011-09-23,40601.75,64,56,2587,634.4,50124.15,0,Normal,36038.81,20214.42,2011,9,Sep,Friday,38
2011-09-25,31372.66,75,74,1980,418.3,50645.36,0,Normal,36506.24,19927.45,2011,9,Sep,Sunday,38
2011-09-26,29335.17,66,62,1527,444.47,52586.71,0,Normal,36998.19,19545.93,2011,9,Sep,Monday,39
2011-09-27,36322.95,80,67,1845,454.04,50737.15,0,Normal,37220.57,19497.35,2011,9,Sep,Tuesday,39
2011-09-28,43749.06,85,72,2830,514.69,41328.15,0,Normal,37812.41,19414.11,2011,9,Sep,Wednesday,39
2011-09-29,46401.45,105,93,2460,441.92,41019.69,0,Normal,37724.62,19367.51,2011,9,Sep,Thursday,39
2011-09-30,44357.06,74,60,1841,599.42,38877.16,0,Normal,38408.94,19221.68,2011,9,Sep,Friday,39
2011-10-02,11634.53,35,32,1426,332.42,34738.98,0,Normal,37942.54,19706.18,2011,10,Oct,Sunday,39
2011-10-03,66376.82,68,48,2268,976.13,39739.58,0,Normal,39794.93,19679.14,2011,10,Oct,Monday,40
2011-10-04,48810.65,81,65,2759,602.6,42521.79,0,Normal,40359.74,19686.9,2011,10,Oct,Tuesday,40
2011-10-05,75593.63,96,82,2386,787.43,48131.89,0,Normal,42033.53,20487.7,2011,10,Oct,Wednesday,40
2011-10-06,62891.19,122,98,2929,515.5,50866.48,0,Normal,42884.23,20814.63,2011,10,Oct,Thursday,40
2011-10-07,53790.7,88,74,2355,611.26,51922.08,0,Normal,43266.52,20909.06,2011,10,Oct,Friday,40
2011-10-09,12524.4,39,35,1261,321.14,47374.56,0,Normal,43113.34,21122.94,2011,10,Oct,Sunday,40
2011-10-10,48239.18,100,83,3158,482.39,52603.8,0,Normal,43482.75,21112.09,2011,10,Oct,Monday,41
2011-10-11,52572.94,82,69,2413,641.13,50631.81,0,Normal,44290.18,20976.14,2011,10,Oct,Tuesday,41
2011-10-12,32159.28,88,73,2026,365.45,48253.05,0,Normal,44215.04,21016.74,2011,10,Oct,Wednesday,41
2011-10-13,37446.18,77,67,2297,486.31,42803.41,0,Normal,44556.72,20812.84,2011,10,Oct,Thursday,41
2011-10-14,36347.64,74,61,1775,491.18,39011.47,0,Normal,44765.78,20693.52,2011,10,Oct,Friday,41
2011-10-16,22010.96,35,32,1247,628.88,34471.51,0,Normal,44315.76,21045.52,2011,10,Oct,Sunday,41
2011-10-17,52062.2,89,76,2901,584.97,40119.77,0,Normal,45059.89,20906.52,2011,10,Oct,Monday,42
2011-10-18,45332.16,84,73,2853,539.67,39704.48,0,Normal,44733.73,20820.36,2011,10,Oct,Tuesday,42
2011-10-19,42573.36,85,71,2270,500.86,38275.97,0,Normal,45366.41,20440.71,2011,10,Oct,Wednesday,42
2011-10-20,61122.9,89,76,2312,686.77,42413.63,0,Normal,44796.54,19718.79,2011,10,Oct,Thursday,42
2011-10-21,63226.64,64,56,1386,987.92,46096.55,0,Normal,45979.95,19724.21,2011,10,Oct,Friday,42
2011-10-23,12339.16,42,39,1724,293.79,42666.77,0,Normal,45866.4,19913.17,2011,10,Oct,Sunday,42
2011-10-24,48752.91,78,61,2841,625.04,46487.05,0,Normal,45849.17,19910.34,2011,10,Oct,Monday,43
2011-10-25,41314.64,77,65,2450,536.55,44951.68,0,Normal,43572.59,15861.04,2011,10,Oct,Tuesday,43
2011-10-26,38059.43,95,77,1908,400.63,43912.72,0,Normal,43222.55,15863.04,2011,10,Oct,Wednesday,43
2011-10-27,57291.72,106,91,2478,540.49,46015.34,0,Normal,43153.78,15795.02,2011,10,Oct,Thursday,43
2011-10-28,40565.7,78,60,1610,520.07,43078.6,0,Normal,43152.58,15795.22,2011,10,Oct,Friday,43
2011-10-30,34571.23,96,88,2901,360.12,38984.97,0,Normal,43259.19,15723.6,2011,10,Oct,Sunday,43
2011-10-31,57369.15,72,61,3370,796.79,45417.83,0,Normal,44193.66,15700.57,2011,10,Oct,Monday,44
2011-11-01,29155.15,77,74,1733,378.64,42618.15,0,Normal,43954.73,15878.01,2011,11,Nov,Tuesday,44
2011-11-02,45888.34,85,79,2579,539.86,43271.53,0,Normal,44026.04,15881.86,2011,11,Nov,Wednesday,44
2011-11-03,63561.49,103,86,2378,617.1,46914.68,0,Normal,44598.04,16274.52,2011,11,Nov,Thursday,44
2011-11-04,62977.36,94,73,2906,669.97,47726.92,0,Normal,45218.72,16616.49,2011,11,Nov,Friday,44
2011-11-06,42946.34,102,88,3426,421.04,48067.01,0,Normal,46262.45,15370.94,2011,11,Nov,Sunday,44
2011-11-07,85881.81,93,81,2047,923.46,55397.09,1,High,46912.61,16613.39,2011,11,Nov,Monday,45
2011-11-08,57700.24,108,95,3978,534.26,55444.39,0,Normal,47208.93,16727.3,2011,11,Nov,Tuesday,45
2011-11-09,66127.57,119,101,2690,555.69,60726.16,0,Normal,46893.4,16256.04,2011,11,Nov,Wednesday,45
2011-11-10,71008.26,129,112,3196,550.45,64314.72,0,Normal,47163.97,16595.5,2011,11,Nov,Thursday,45
2011-11-11,55257.17,105,87,4070,526.26,63128.39,0,Normal,47212.85,16617.84,2011,11,Nov,Friday,45
2011-11-13,34069.92,87,75,2993,391.61,58998.76,0,Normal,47931.03,15494.6,2011,11,Nov,Sunday,45
2011-11-14,114419.89,107,93,3521,1069.34,69209.27,1,High,50137.06,19684.65,2011,11,Nov,Monday,46
2011-11-15,60807.29,108,93,3396,563.03,65627.19,0,Normal,50411.54,19776.98,2011,11,Nov,Tuesday,46
2011-11-16,65958.17,130,111,4143,507.37,66806.9,0,Normal,51538.17,19663.73,2011,11,Nov,Wednesday,46
2011-11-17,61103.13,137,125,3574,446.01,66089.12,0,Normal,52326.73,19553.16,2011,11,Nov,Thursday,46
2011-11-18,51275.39,108,98,2814,474.77,63270.14,0,Normal,52824.32,19321.07,2011,11,Nov,Friday,46
2011-11-20,35058.57,100,91,3317,350.59,60384.62,0,Normal,53259.24,18741.7,2011,11,Nov,Sunday,46
2011-11-21,49805.72,100,85,2883,498.06,62632.59,0,Normal,53184.03,18751.2,2011,11,Nov,Monday,47
2011-11-22,64089.82,135,120,3899,474.74,55442.58,0,Normal,53809.28,18793.04,2011,11,Nov,Tuesday,47
2011-11-23,80104.18,131,107,3562,611.48,58199.28,0,Normal,55060.31,19262.61,2011,11,Nov,Wednesday,47
2011-11-24,50978.63,113,98,3691,451.14,56059.35,0,Normal,54722.17,19241.54,2011,11,Nov,Thursday,47
2011-11-25,50822.73,83,69,3087,612.32,54590.72,0,Normal,54308.7,19185.68,2011,11,Nov,Friday,47
2011-11-27,20611.08,57,51,2532,361.6,50210.1,0,Normal,54584.43,18612.59,2011,11,Nov,Sunday,47
2011-11-28,57165.19,115,97,3304,497.09,53368.19,0,Normal,54864.84,18585.05,2011,11,Nov,Monday,48
2011-11-29,72595.93,135,109,4292,537.75,56623.94,0,Normal,55907.55,18675.9,2011,11,Nov,Tuesday,48
2011-11-30,60126.96,108,92,3358,556.73,56057.81,0,Normal,56643.14,18380.93,2011,11,Nov,Wednesday,48
2011-12-01,52197.25,121,111,2813,431.38,52071.11,0,Normal,56473.32,18398.26,2011,12,Dec,Thursday,48
2011-12-02,57664.07,120,95,2826,480.53,53026.17,0,Normal,57043.27,18151.66,2011,12,Dec,Friday,48
2011-12-04,24621.43,66,58,2031,373.05,49283.13,0,Normal,56711.61,18660.2,2011,12,Dec,Sunday,48
2011-12-05,88741.96,127,105,5297,698.76,59016.11,0,Normal,57757.37,19555.92,2011,12,Dec,Monday,49
2011-12-06,56713.21,115,103,3262,493.16,58951.54,0,Normal,58675.97,18798.64,2011,12,Dec,Tuesday,49
2011-12-07,75439.16,106,94,2390,711.69,59357.72,0,Normal,59661.0,18879.52,2011,12,Dec,Wednesday,49
2011-12-08,82495.0,120,105,4867,687.46,62553.15,0,Normal,60292.11,19325.59,2011,12,Dec,Thursday,49
2011-12-09,200938.6,44,35,1626,4566.79,83801.92,1,High,64890.82,32147.64,2011,12,Dec,Friday,49
